{
  "project_info": {
    "project_number": "125983943838",
    "project_id": "notes-cb8ee",
    "storage_bucket": "notes-cb8ee.appspot.com"
  },
  "client": [
    {
      "client_info": {
        "mobilesdk_app_id": "1:125983943838:android:b0f9b41633d5b7dc6fdf8f",
        "android_client_info": {
          "package_name": "com.example.notes"
        }
      },
      "oauth_client": [],
      "api_key": [
        {
          "current_key": "AIzaSyAbrQyl9soDi2nMwm4tbnGMyAZDv0ZH3YA"
        }
      ],
      "services": {
        "appinvite_service": {
          "other_platform_oauth_client": []
        }
      }
    }
  ],
  "configuration_version": "1"
}